CNES;UF;IBGE;NOME;LOGRADOURO;BAIRRO;LATITUDE;LONGITUDE;TELEFONE;CNPJ;MOTIVO_DESABILITACAO;curated_unit_type;is_entry_point
32247;33;330455;HOSPITAL CASA EVANGELICO- HOSPITAL GERAL, ADMINISTRACAO E GESTAO HOSPITALAR LTDA;BOM PASTOR, 295;TIJUCA;-22.92968405;-43.2310528468;;26802786000154;;privado;sim
63908;33;330455;HOSPITAL CASA PRONTOCOR ADMINISTRACAO E GESTAO HOSPITALAR LTDA;SAO FRANCISCO XAVIER, 26;TIJUCA;-22.906914;-43.2395797;;27927208000107;08;privado;nao
89338;33;330455;HOSPITAL DOUTOR MARCOS MORAES;ARISTIDES CAIRE, 00027;MEIER;-22.8999563773;-43.2792878151;21 30316762;33633141000109;;privado;sim
117234;33;330455;INSTITUTO D'OR;DINIZ CORDEIRO, 30;BOTAFOGO;-22.9584619;-43.1913353;;08850962000141;10;privado;nao
119016;33;330455;SMS HOSPITAL MUN DE CAMPANHA RIOCENTRO COVID 19;AVENIDA SALVADOR ALLENDE, 6555;BARRA DA TIJUCA;-22.976995;-43.411448;;;10;outro;nao
135879;33;330455;HOSPITAL DE CAMPANHA COVID 19 MARACANA;RUA PROFESSOR EURICO RABELO, S/N;MARACANA;-22.903;-43.208;2130306420;;10;outro;nao
136069;33;330455;HOSPITAL DE CAMPANHA COVID 19 PARQUE DOS ATLETAS;AVENIDA SALVADOR ALENDE, 6500;RECREIO DOS BANDEIRA;-22.903;-43.208;32394700;;10;outro;nao
471755;33;330455;HOSPITAL DE FORCA AEREA DO GALEAO;ESTRADA DO GALEAO, 4101;ILHA DO GOVERNADOR;-22.813783;-43.214967;;00394429010769;08;outro;nao
697524;33;330455;HOSPITAL DE AERONAUTICA DOS AFONSOS;AVENIDA MARECHAL FONTENELLE, 1628;CAMPO DOS AFONSOS;-22.88408;-43.38643;32896800;00394429006060;;outro;nao
759384;33;330455;QUALITY CARE;MENA BARRETO, 00165;BOTAFOGO;-22.9566052096;-43.1913274527;2130903400;39491475000163;;privado;sim
908304;33;330455;LARANJEIRAS CLINICA PERINATAL;CARDOSO JUNIOR, 5;LARANJEIRAS;-22.93786175;-43.1901503354;21 22102004;33419482000410;10;privado;nao
2269341;33;330455;SMS HOSPITAL MUNICIPAL JESUS AP 22;OITO DE DEZEMBRO, 717;VILA ISABEL;-22.911417;-43.243555;;29468055000889;;outro;nao
2269384;33;330455;HOSPITAL FEDERAL DO ANDARAI;RUA GASTAO PENALVA, 119;ANDARAI;-22.9276592;-43.2526117526;(21) 25757000;00394544020100;;outro;nao
2269392;33;330455;POLICLINICA PIQUET CARNEIRO;AV MARECHAL RONDOM, 381;SAO FRANCISCO XAVIER;-22.905505;-43.244131;2125667000;;;outro;nao
2269406;33;330455;CLINICA DA GAVEA S A;DA GAVEA, 151;GAVEA;-22.9845108375;-43.2391619682;21 2274-7022;33501214000109;;privado;sim
2269430;33;330455;INSTITUTO DE PSIQUIATRIA DA UFRJ IPUB;AVENIDA VENCESLAU BRAS, 71;BOTAFOGO;-22.9530494;-43.1762942;(21)39380500;33663683002593;;outro;nao
2269465;33;330455;AMERICLIN;RUA DO BISPO, 114;RIO COMPRIDO;;;(21)21114664;33371501000133;04;privado;nao
2269481;33;330455;SMS HOSPITAL MUNICIPAL DA PIEDADE AP 32;RUA DA CAPELA, 96;PIEDADE;-22.891816;-43.309627;(21)31116540;03390345000197;;outro;nao
2269678;33;330455;SES RJ IECAC INST EST DE CARDIOLOGIA ALOYSIO DE CASTRO;RUA DAVID CAMPISTA, 326;HUMAITA;-22.9530980773;-43.1996154785;23321570;;;outro;nao
2269724;33;330455;SMS HOSPITAL MUNICIPAL NOSSA SENHORA DO LORETO AP 31;RUA TAIFEIRO OSMAR DE MORAES, 26;GALEAO;-22.8124486;-43.2250092;(21)33931983/0610;29468055000960;;outro;nao
2269775;33;330455;MS HOSPITAL DE IPANEMA;RUA ANTONIO PARREIRAS, 67;IPANEMA;-22.9839750049;-43.1957799196;(21)31112318;00394544021000;;outro;nao
2269783;33;330455;UERJ HOSPITAL UNIV PEDRO ERNESTO;BOULEVARD 28 DE SETEMBRO, 77;VILA ISABEL;-22.9141479822;-43.2374453545;(21)2868-8000;33540014001714;;outro;nao
2269813;33;330455;SMS HOSPITAL DE GERIAT E GERONT AP 22;RUA VISCONDE DE NITEROI, 1450;MANGUEIRA;;;(21)31116800;29468055001699;10;outro;nao
2269821;33;330455;MS INCA II HOSPITAL DO CANCER II;RUA DO EQUADOR, 831;SANTO CRISTO;-22.8991064151;-43.2060527802;(21)3207-2800;00394544011209;;outro;nao
2269880;33;330455;HOSPITAL GERAL DE BONSUCESSO/RJ;BRASIL, 00000;BONSUCESSO;-22.5282476;-44.1301272;(21) 3977-9500;92787118002416;;privado;sim
2269899;33;330455;HOSPITAL MARIO KROEFF;MAGE, 00326;PENHA CIRCULAR;-22.8387785277;-43.2849283852;(21) 21369657;32410037002047;;privado;sim
2269910;33;330455;CLINICA JARDIM AMERICA;RUA CRISTIANO MACHADO, 31;JARDIM AMERICA;;;21 24711652;33245556000105;10;privado;nao
2269945;33;330455;SMS HOSPITAL MATERNIDADE ALEXANDER FLEMING AP 33;RUA JORGE SCHMIDT, 331;MARECHAL HERMES;-22.86462;-43.37001;24583343;29468055009169;;outro;nao
2269961;33;330455;HOSPITAL DO ARSENAL DE MARINHA RJ;PRACA BARAO DE LADARIO, S/N;CENTRO;;;(21)22535036;00394502001469;04;outro;nao
2269988;33;330455;HOSP. UNIV. DOS SERVIDORES - HUSE-UNIRIO;SACADURA CABRAL, 00178;SAUDE;-22.896888;-43.190505;;15126437003592;;privado;sim
2269996;33;330455;SMS IMAS JULIANO MOREIRA AP 40;ESTRADA RODRIGUES CALDAS, 3400;JACAREPAGUA;-22.9031980447;-43.2080054283;(21)3432-2358;03389961000128;;outro;nao
2270021;33;330455;MATERNIDADE ESCOLA DA UFRJ;RUA DAS LARANJEIRAS, 180;LARANJEIRAS;-22.9327169;-43.1852828892;(21)22059064;33663683005266;;outro;nao
2270056;33;330455;SMS HOSPITAL MATERNIDADE PAULINO WERNECK AP 31;ESTRADA DA CACUIA, 745;ILHA DO GOVERNADOR;-22.8108157;-43.1847824696;(21)3512-9805;29468055000536;;outro;nao
2270188;33;330455;SEAP RJ CENTRO TRAT EM DEPENDENCIA QUIMICA ROBERTO MEDEIROS;GEN EMILIO MOUREL FILHO, 1100;BANGU;-22.90835;-43.20727;;42498691000498;;outro;nao
2270196;33;330455;SEAP CGSP RJ SANATORIO PENAL;GUANDU DO SENA, 1902;BANGU;-22.84027;-43.52906;23324826;42498691000650;;outro;nao
2270234;33;330455;SES RJ HOSPITAL ESTADUAL GETULIO VARGAS;LOBO JUNIOR, 2293;PENHA;-22.8389234737;-43.2850170135;;42498717000317;;outro;nao
2270242;33;330455;SMS HOSPITAL MUNICIPAL BARATA RIBEIRO AP 10;RUA VISCONDE DE NITEROI, 1450;MANGUEIRA;-22.9686606;-43.428177;2122841812;29468055001265;;outro;nao
2270269;33;330455;SMS HOSPITAL MUNICIPAL MIGUEL COUTO AP 21;MARIO RIBEIRO, 117;GAVEA;-22.90378;-43.20888;21 3111-3711;29468055000374;;outro;nao
2270390;33;330455;SMS HOSPITAL MATERNIDADE HERCULANO PINHEIRO AP 33;AV MIN EDGARD ROMERO, 276;MADUREIRA;-22.8704;-43.33415;(21)2088-6124;29468055000706;;outro;nao
2270536;33;330455;CASA SAO FERNANDO;RUA ALMTE ALEXANDRINO, 301;SANTA TEREZA;;;(21)25091860;33708140000178;08;privado;nao
2270587;33;330455;SAO MIGUEL EMPREENDIMENTOS E PARTICIPACOES S.A.;SAO MARCELO, 66;JACAREPAGUA;;;(21)25378489;33031733000142;06;privado;nao
2270595;33;330455;CASA DE SAUDE SOUZA CRUZ;RUA CRISTOVAO DE BARROS, 555;REALENGO;;;21 3586-8600/01;30461586000152;08;privado;nao
2270609;33;330455;SMS HOSPITAL MUNICIPAL LOURENCO JORGE AP 40;AV AYRTON SENNA, 2000;BARRA DA TIJUCA;-22.9952485;-43.3643149;21 3111-4612;29468055001346;;outro;nao
2270617;33;330455;INSTITUTO ESTADUAL DE DERMATOLOGIA SANITARIA;RUA GODOFREDO VIANA, 64;TANQUE JACAREPAGUA;-22.913839;-43.366891;021 2333-6676;42498717001470;;outro;nao
2270625;33;330455;CLINICA DE REPOUSO VALENCIA LTDA;CANDIDO BENICIO, 1538;JACAREPAGUA;;;(21)24502407;34053710000100;04;privado;nao
2270668;33;330455;UFRJ HOSP ESCOLA SAO FRANCISCO DE ASSIS;PRESIDENTE VARGAS, 2863;CIDADE NOVA;-22.90866;-43.20108;;33663683000388;;outro;nao
2270684;33;330455;PRO MATRE;AVN VENEZUELA, 153;CAIS DO PORTO;;;(21)21871910;33633629000128;08;privado;nao
2270692;33;330455;CBMERJ HOSP ARISTARCHO PESSOA HOSP DO CORPO DE BOMBEIROS;PAULO DE FRONTIN, 876;RIO COMPRIDO;-22.93137;-43.209657;21994510951;40228587000105;;outro;nao
2270706;33;330455;INSTITUTO DOUTOR FRANCISCO SPINOLA;DOM JOAQUIM MAMEDE, 270;SANTA TERESA;;;(21)24566731;72386212000160;10;privado;nao
2270714;33;330455;SMS HOSPITAL MATERNIDADE FERNANDO MAGALHAES AP 10;GENERAL JOSE CRISTINO, 87;SAO CRISTOVAO;-22.89522;-43.22645;21 - 38781498;29468055000617;;outro;nao
2270722;33;330455;SEAP CGSP RJ HOSP DE CUST E TRAT PSIQUIAT HEITOR CARRILHO;RUA FREI CANECA, 401;ESTACIO;;;(21)22938791;42498691000226;04;outro;nao
2270803;33;330455;SES RJ I INST EST DIABET ENDOCRINOLOGIA IEDE;RUA MONCORVO FILHO, 90;CENTRO;-22.908549;-43.1915154;(21) 233271.54;42498717000821;;outro;nao
2271443;33;330455;CASA DE SAUDE SAO JOSE;MACEDO SOBRINHO, 21;BOTAFOGO;-22.95791355;-43.1982719762;21-25387600;60922168000348;;privado;sim
2271451;33;330455;HOSPITAL BALBINO;ANGELICA MOTA, 58,66,;OLARIA;-22.8473870747;-43.2761764526;(21) 39772000;42297507000107;;privado;sim
2271907;33;330455;HOSPITAL 4 CENTENARIO;RUA ALMTE ALEXANDRINO, 1761;SANTA TEREZA;;;(21)25091678;33310681000143;04;privado;nao
2273187;33;330455;SMS HOSPITAL MUNICIPAL ALVARO RAMOS AP 40;RUA ADAUTO BOTELHO, 0;JACAREPAGUA;-22.9457408;-43.3975314;(21)33920008;03389985000187;;outro;nao
2273209;33;330455;SES RJ HOSPITAL ESTADUAL SANTA MARIA;ESTRADA DO RIO PEQUENO, 656;JACAREPAGUA;-22.9161638;-43.4240039;(21) 23336548;42498717001550;;outro;nao
2273276;33;330455;MS INST NACIONAL DE TRAUMATO ORTOPEDIA;AVENIDA BRASIL, 500;SAO CRISTOVAO;-22.89287995;-43.2149895406;(21)21345482;00394544021263;;outro;nao
2273314;33;330455;SERVICO DE ASSISTENCIA MEDICA DR FAULHABER;RUA SILVA CARDOSO, 488;BANGU;;;(21)33314900;33802091000138;08;privado;nao
2273322;33;330455;CASA DE SAUDE SANTA HELENA;RUA SILVIO FONTES, 225;JABOUR;;;(21)24040337;33563743000129;04;privado;nao
2273349;33;330455;SMS HOSPITAL MUNICIPAL RAPHAEL DE PAULA SOUZA AP 40;ESTRADA DE CURICICA, 2000;JACAREPAGUA;-22.955721;-43.3969139;2134136433;03875134000144;;outro;nao
2273357;33;330455;HOSPITAL ADVENTISTA SILVESTRE;DOS GUARARAPES, 263;COSME VELHO;-22.9426082454;-43.2035717368;2130343000;73696718000219;;privado;sim
2273365;33;330455;SES RJ INSTITUTO ESTADUAL DE INFECTOLOGIA SAO SEBASTIAO;RUA SACADURA CABRAL, 178;SAUDE;-22.89417;-43.18788;2332-7165;42498717000902;;outro;nao
2273381;33;330455;SMS HOSPITAL MUNICIPAL JURANDYR MANFREDINI AP 40;RUA SAMPAIO CORREIA, S/N;JACAREPAGUA;-22.903475;-43.208555;(21) 3432-2246;03390337000140;;outro;nao
2273403;33;330455;ASSOCIACAO ESPIRITA OBREIROS DO BEM;SANTA ALEXANDRINA, 667;RIO COMPRIDO;;;(21) 3293-2400;33657222000130;08;privado;nao
2273411;33;330455;SES RJ HOSPITAL ESTADUAL CARLOS CHAGAS;AVENIDA GENERAL OSVALDO CORDEIRO DE FARIAS, 466;MARECHAL HERMES;-22.8654940497;-43.3740609884;(21)23321127;42498717000236;;outro;nao
2273438;33;330455;HOSPITAL CENTRAL DA POLICIA MILITAR DO ESTADO DO RIO DE JANE;ESTACIO DE SA, 20;ESTACIO;-22.912685;-43.203847;;06906162000170;;outro;nao
2273454;33;330455;MS INCA HOSPITAL DO CANCER I;PRACA CRUZ VERMELHA, 23;CENTRO;-22.9121815;-43.1880098;(21)32071000;;;outro;nao
2273462;33;330455;MS INCA HOSPITAL DO CANCER III;RUA VISCONDE DE SANTA ISABEL, 274;VILA ISABEL;-22.9169815;-43.2565462;(21)32073912;00394544011896;;outro;nao
2273489;33;330455;SMS HOSPITAL MUNICIPAL ROCHA MAIA AP 21;GENERAL SEVERIANO, 91;BOTAFOGO;-22.903;-43.208;21-22952295;29468055001184;;outro;nao
2273497;33;330455;FUNDACAO BELA LOPES DE OLIVEIRA;BARAO DE LUCENA, 95;BOTAFOGO;-22.9478932;-43.190434;3216-8000;33638040000112;;privado;sim
2273535;33;330455;HOSPITAL SAO ZACARIAS;CARLOS PEIXOTO, 124;BOTAFOGO;;;(21)25411046;33609504002459;10;privado;nao
2273624;33;330455;CASA DE SAUDE N S DA PENHA;RUA ALBERTINO ARAUJO, 99;PENHA CIRCULAR;;;21 25606744;33540584000147;04;privado;nao
2273659;33;330455;MS HOSPITAL FEDERAL DA LAGOA;RUA JARDIM BOTANICO, 501;JARDIM BOTANICO;-22.9633524788;-43.2157516479;31115108;00394544020453;;outro;nao
2280132;33;330455;MS INC INSTITUTO NACIONAL DE CARDIOLOGIA;RUA DAS LARANJEIRAS, 374;LARANJEIRAS;-22.9368299;-43.1903956;(21)30372152;00394544021344;;outro;nao
2280167;33;330455;HOSPITAL UNIVERSITARIO CLEMENTINO FRAGA FILHO;RUA PROFESSOR RODOLPHO PAULO ROCCO, 255;ILHA DO FUNDAO;-22.8424434465;-43.2373809814;(21)39382789;33663683005347;;outro;nao
2280183;33;330455;SMS HOSPITAL MUNICIPAL SOUZA AGUIAR AP 10;PRACA DA REPUBLICA, 111;CENTRO;-22.90822;-43.18969;;29468055000293;;outro;nao
2280248;33;330455;SMS HOSPITAL MATERNIDADE CARMELA DUTRA AP 32;RUA AQUIDABA, 1037;LINS DE VASCONCELOS;-22.9108133975;-43.2902251294;(21) 31116766;29468055009088;;outro;nao
2280302;33;330455;REAL E BENEMERITA SOC PORTUGUESA DE BENEFICENCIA DO R J;DOS DEMOCRATICOS, 1313;BONSUCESSO;;;(21)25088008;33601709000100;08;privado;nao
2280728;33;330455;SMS INSTITUTO NISE DA SILVEIRA AP 32;RAMIRO MAGALHAES, 521;ENGENHO DE DENTRO;-22.9016439;-43.3056352;21 31117426;03874990000185;;outro;nao
2288338;33;330455;INI FIOCRUZ;BRASIL, 4365;MANGUINHOS;-22.879388;-43.243377;21 38659595;33781055001026;;outro;nao
2288362;33;330455;SMS INSTITUTO MUNICIPAL PHILIPPE PINEL AP 21;AV VENCESLAU BRAS, 65;BOTAFOGO;-22.876652;-43.227875;(21)22755694;03875041000110;;outro;nao
2291266;33;330455;SMS HOSPITAL MUNICIPAL FRANCISCO DA SILVA TELLES AP 33;UBIRAJARA, 25;IRAJA;-22.90347;-43.208575;021 3715070;03207938000175;;outro;nao
2291282;33;330455;HOSPITAL NOSSA SENHORA DAS DORES;ERNANI CARDOSO, 21;CASCADURA;-22.8820264;-43.3309162;21997399187;33609504002378;;privado;sim
2291304;33;330455;SES RJ CENTRO PSIQUIATRICO RIO DE JANEIRO;CORONEL ASSUNCAO, S/N;GAMBOA;-22.8947379207;-43.1910967827;21 22992577;42498717002280;;outro;nao
2295059;33;330455;CLINICA DE REPOUSO SANTA ALICE;BOA VISTA, 00099;ALTO DA BOA VISTA;-22.96304;-43.27526;;33282617000104;;privado;sim
2295067;33;330455;INSTITUTO ESTADUAL DE HEMATOLOGIA ARTHUR SIQUEIRA CAVALCANTI;RUA FREI CANECA, 8;CENTRO;-22.9092281;-43.1900317;(21)23328611;42498717001046;;outro;nao
2295369;33;330455;ACAO CRISTA VICENTE MORETTI;MARAVILHA, 308;BANGU;-22.8784515;-43.4577054;;33831322000131;;privado;sim
2295377;33;330455;CASA DE SAUDE E MATERNIDADE N S DAS GRACAS LTDA;RECIFE, 746;REALENGO;;;(21)24018036;33458118000117;10;privado;nao
2295385;33;330455;CLINICA DE REPOUSO SANTA EDWIGES;RUA ARISTIDES GOUVEIA, 62;SEPETIBA;;;213317-5404;33833690000119;08;privado;nao
2295393;33;330455;HOSPITAL NOSSA SENHORA DA SAUDE;DA GAMBOA, 303;SAUDE;-22.8966702;-43.1992353;;33609504002025;;privado;sim
2295407;33;330455;SMS HOSPITAL MUNICIPAL ROCHA FARIA AP 52;AV CESARIO DE MELO, 3215;CAMPO GRANDE;-22.9080610447;-43.5623807912;(21)2333-6797;;;outro;nao
2295415;33;330455;HOSPITAL UNIVERSITARIO GAFFREE E GUINLE;MARIZ E BARROS, 775;TIJUCA;-22.916223;-43.221008;;34023077000280;;outro;nao
2295423;33;330455;HOSPITAL FEDERAL CARDOSO FONTES;AVENIDA MENEZES CORTES, 3245;FREGUESIA JPA;-22.925833;-43.316111;(21)24252255;00394544020372;;outro;nao
2296306;33;330455;SMS HOSPITAL MUNICIPAL SALGADO FILHO AP 32;ARQUIAS CORDEIRO, 370;MEIER;-22.9031514;-43.2085365;;29468055000455;;outro;nao
2296594;33;330455;UFRJ INSTITUTO DE GINECOLOGIA;MONCORVO FILHO, 90;CENTRO;-22.9092082;-43.1922933;22322970;33663683002089;;outro;nao
2296608;33;330455;HOSPITAL DE CLINICAS DE JACAREPAGUA LTDA;BACAIRIS, 499;JACAREPAGUA;-22.9158327;-43.373597;(21) 3987-7000;34058123000103;;privado;sim
2296616;33;330455;UFRJ IPPMG INST DE PUER PED MARTAGAO GESTEIRA;BRUNO LOBO, 50;CIDADE UNIVERSITARIA;-22.949461;-43.3841506;21 39384816;33663683002674;;outro;nao
2297833;33;330455;CLINICA SAO VICENTE;JOAO BORGES, 204;GAVEA;-22.9759592;-43.2348325;21 32394700;31635857000101;;privado;sim
2298120;33;330455;SMS HOSPITAL MUNICIPAL ALBERT SCHWEITZER AP 51;RUA NILOPOLIS, 329;REALENGO;-22.86607;-43.43868;(21) 2042-2096;;;outro;nao
2298724;33;330455;SES RJ HOSPITAL ESTADUAL ANCHIETA;RUA CARLOS SEIDL, 785;CAJU;-22.8754893;-43.2218484;;42498717001399;;outro;nao
2298740;33;330455;CASA DE SAUDE GRAJAU LTDA;BARAO DO BOM RETIRO, 2460;GRAJAU;-22.920813373;-43.2590317726;(21) 25771122;29474285000184;;privado;sim
2298759;33;330455;HOSPITAL ESPANHOL;RIACHUELO, 302;CENTRO;;;;33005638000174;08;privado;nao
2708353;33;330455;IFF FIOCRUZ;AV RUI BARBOSA, 716;FLAMENGO;-22.94237;-43.174152;(21)25541700;33781055000216;;outro;nao
2708361;33;330455;UFRJ INSTITUTO DE NEUROLOGIA DEOLINDO COUTO;AVENIDA VENCESLAU BRAS, 95;BOTAFOGO;-22.9539;-43.1764;(21) 3938-0531/0533;33663683002240;;outro;nao
2758091;33;330455;SESDEC HOSPITAL ESTADUAL PEDRO II;RUA DO PRADO, 325;SANTA CRUZ;;;(21) 2333-7290;42498717000589;04;outro;nao
2812584;33;330455;HOSPITAL SAO LOURENCO;DE SANTA CRUZ, 3805;BANGU;-22.8905274288;-43.5257720947;33386300;31317035000182;;privado;sim
2814188;33;330455;PERINATAL LARANJEIRAS CASA DE SAUDE LARANJEIRAS;RUA DAS LARANJEIRAS, 445;LARANJEIRAS;-22.903;-43.208;2132394700;33419482000178;10;privado;nao
2821729;33;330455;CLINICA DE REPOUSO CORCOVADO LTDA;ITUVERAVA, 562;JACAREPAGUA;;;(21)24477337;33178955000192;08;privado;nao
2821737;33;330455;CTO - CLINICA TRAUMATO ORTOPEDICA LTDA;AMERICO BRASILIENSE, 91;MADUREIRA;-22.8738945;-43.341702;21 3390-5636;42104851000124;;privado;sim
2821745;33;330455;HOSPITAL DE CLINICAS REALENGO;EST DA AGUA BRANCA, S/N;REALENGO;;;(21)33319090;31408552000167;08;privado;nao
2881683;33;330455;AMBULATORIO PERINATAL LARANJEIRAS;CARDOSO JUNIOR, 00005;LARANJEIRAS;-22.93786175;-43.1901503354;21 22102004;06047087014008;;privado;sim
3001202;33;330455;POLICLINICA DE BOTAFOGO;PASTEUR, 72;BOTAFOGO;-22.95108267;-43.1787157059;22751447;33641176000181;;privado;sim
3002918;33;330455;VENERAVEL E ARQ ORDEM 3 DE N S DO MONTE DO CARMO;RIACHUELO, 43;LAPA;-22.9141409;-43.1814438;(21)3861-8950;33644378000187;10;privado;nao
3003450;33;330455;CSPM;PINHEIRO MACHADO, 00155;BOTAFOGO;-22.9377446592;-43.1830501556;21 21254882;35753862000170;;privado;sim
3005879;33;330455;HOSPITAL OESTE DOR;RUA OLINDA ELLIS, 93;CAMPO GRANDE;;;2124143600;33910167000149;10;privado;nao
3005984;33;330455;HOSPITAL ITALIANO;MARECHAL JOFFRE, 30;GRAJAU;-22.9030003842;-43.2079839706;;33268475000201;;privado;sim
3005992;33;330455;HOSPITAL COPA DOR;RUA FIGUEREDO DE MAGALHAES, 875;COPACABANA;-22.8771636877;-43.2275533676;2545-3600;06047087000996;;privado;sim
3006050;33;330455;HOSPITAL AMERICAN COR;RUA ADOLFO BERGAMINI, 206;ENGENHO DE DENTRO;-22.8014531;-43.40994;;02746015000129;;privado;sim
3006115;33;330455;CASA DE SAUDE SANTA MARIA;AV PASTOR MARTIN LUTHER KING JUNIOR, 7406;IRAJA;;;;33551938000159;08;privado;nao
3006131;33;330455;CLINICA OBSTETRICA SANTA MARIA MADALENA;RUA MESTRE RODRIGUES, 115;ILHA DO GOVERNADOR;;;2121220755;30869986000100;08;privado;nao
3008533;33;330455;UNIDADE NEONATAL LAGOA;DAS LARANJEIRAS, 445;LARANJEIRAS;-22.903;-43.208;21 32394700;29274024000110;10;privado;nao
3008541;33;330455;UTI NEONATAL AMPARO;RUA ESTRELA, 27;RIO COMPRIDO;;;(21)25560022;29274024000382;04;privado;nao
3008568;33;330455;CENTRO PEDIATRICO DA LAGOA;LINEU DE PAULA MACHADO, 64;LAGOA;-22.961531;-43.210593;;28602407000108;;privado;sim
3009947;33;330455;SAO CARLOS SAUDE ONCOLOGICA;RUA HUMAITA, 296;BOTAFOGO;-22.77012;-43.5548858;(21)2536-1300;33804212000180;;privado;sim
3010651;33;330455;CARDIOBARRA CLINICAS;AV FERNANDO MATOS, 162;BARRA DA TIJUCA;;;;28020071000175;08;privado;nao
3010856;33;330455;ASSISTENCIA MEDICA SAO BERNARDO;AV DAS AMERICAS, 3250;BARRA DA TIJUCA;;;(21)24326574;29963865000135;08;privado;nao
3012964;33;330455;AMIU FREGUESIA JPA;ESTRADA DOS TRES RIOS, 542;FREGUESIA JPA;;;(21)24360705;29972288000148;08;privado;nao
3013014;33;330455;HOSPITAL DO AMPARO;DA ESTRELA, 27;RIO COMPRIDO;-22.6502692;-43.2082276;21 25152765;33379371000185;08;privado;nao
3013146;33;330455;HOSPITAL DI CAMP;ALBARDAO, 630;CAMPO GRANDE;-22.90458;-43.57455;2131981757;02745280000192;;privado;sim
3018032;33;330455;CASA DE SAUDE SANTA THEREZINHA S A;RUA MOURA BRITO, 81;TIJUCA;;;39788000;33575127001240;08;privado;nao
3018911;33;330455;HOSPITAL GERAL DE BANGU;RUA FRANCISCO REAL, 752;PADRE MIGUEL;;;(21)24019418;72407349000153;08;privado;nao
3019624;33;330455;CASA DE SAUDE GRANDE RIO;OLIVEIRA MELLO, 302;CORDOVIL;-22.903;-43.208;;28013258000141;08;privado;nao
3019764;33;330455;HOSPITAL DE CLINICAS BANGU;RUA FRANCISCO REAL, 752;PADRE MIGUEL;;;2131075609;30486369000117;08;privado;nao
3020584;33;330455;DAY CLINIC RIO;R GUARAPARI, 41;MADUREIRA;-22.8696039;-43.3410086;21 3043-0609;04769902000148;;privado;sim
3025888;33;330455;CASA DE SAUDE SAO SEBASTIAO;RUA BENTO LISBOA, 160;LARGO DO MACHADO;;;(21)32883000;33347733000156;04;privado;nao
3030539;33;330455;HOSPITAL REALCORDIS;ESTRADA DO REALENGO, 1336;BANGU;;;2134239800;05524375000174;08;privado;nao
3034984;33;330455;HOSPITAL QUINTA DOR;RUA ALMIRANTE BALTAZAR, 383;SAO CRISTOVAO;-22.9059059635;-43.2190346718;2134613600;06047087001020;;privado;sim
3042219;33;330455;CASA DE SAUDE SANTA LUCIA;RUA VOLUNTARIOS DA PATRIA, 435;BOTAFOGO;;;(21)25371515;33630484000101;04;privado;nao
3046281;33;330455;CASA DE SAUDE NOSSA SENHORA DO CARMO;RUA JAGUARUNA, 105;CAMPO GRANDE;-22.8984195;-43.5610913;;33756768000149;;privado;sim
3046303;33;330455;HOSPITAL DE CLINICAS DR ALOAN;CHAVES FARIA, 64;SAO CRISTOVAO;-22.9004366;-43.2261539;21 22332225;33054602000180;;privado;sim
3048721;33;330455;HOSPITAL DR BADIM;SAO FRANCISCO XAVIER, 390;TIJUCA;-22.9145714946;-43.2323930601;;27901222000131;;privado;sim
3051501;33;330455;TIPE TERAPIA INTENSIVA PEDIATRICA E NEONATAL;RUA ADOLFO MOTA, 81;TIJUCA;;;(21)39786200;32091977000158;08;privado;nao
3054985;33;330455;CLINICA BELA VISTA;EST DO RIO GRANDE, 2604;JACAREPAGUA;;;(21)24402700;33438789000116;08;privado;nao
3056899;33;330455;INSTITUTO CLINICO RIO GUANABARA;RUA CARVALHO DE SOUZA, 76;MADUREIRA;;;(21)24502020;33558990000137;08;privado;nao
3056902;33;330455;PSIL LAGOA;RUA JD BOTANICO, 448;JD BOTANICO;;;(21)32393197;30499453000175;08;privado;nao
3056929;33;330455;PSIL MADUREIRA;RUA BORNEO, 213;MADUREIRA;;;(21)24588320;28667202000100;08;privado;nao
3056996;33;330455;DAY HOSPITAL;AVENIDA DAS AMERICAS, 4666;BARRA DA TIJUCA;;;24319000;00173618000153;08;privado;nao
3057488;33;330455;CETRIN CENTRO DE TRATAMENTO INTENSIVO NEONATALBOTAFOGO;RUA VOLUNTARIOS DA PATRIA, 435;BOTAFOGO;;;(21)22863385;29435005003730;08;privado;nao
3057496;33;330455;RRM REDE RIO DE MEDICINA;DELGADO DE CARVALHO, 22;TIJUCA;-22.9223007;-43.2207011;21-38729922;33710096001455;;privado;sim
3058204;33;330455;PROCOR PRONTO SOCORRO CLINICO E CARDIOLOGICO;CAMBAUBA, 280;ILHA DO GOVERNADOR;-22.80742735;-43.2073557321;;68727148000166;;privado;sim
3058212;33;330455;HOSPITAL DE IRAJA;RUA PEREIRA DE ARAUJO, 44;IRAJA;-22.851705;-43.326547;35120645;04090612000173;;privado;sim
3058336;33;330455;CLINICA CIRURGICA SANTA BARBARA;RUA PAULO BARRETO, 41;BOTAFOGO;-22.7104529;-43.458113;;27002211000110;;privado;sim
3067556;33;330455;SAMCI HOSPITAL INFANTIL;RUA SILVA TELES, 52;ANDARAI;;;21 2570-6336;33390881000234;08;privado;nao
3069273;33;330455;CLINICA DR LEUNAM;RUA DELFINA ENES, 63;PENHA CIRCULAR;;;;30717847000152;08;privado;nao
3070905;33;330455;CLINICA DE PERINATOLOGIA;AV VENEZUELA, 153;CENTRO;;;(21)25185797;03919534000104;08;privado;nao
3075338;33;330455;SAINT ROMAN;RUA ALMIRANTE ALEXANDRINO, 1342;SANTA TEREZA;-22.9242388054;-43.1896969179;38618100;33964776000180;;privado;sim
3085384;33;330455;CLIMES CLINICA MEDICA;RUA RIACHELO, 43;CENTRO;;;(21)3325-1737;40320103000153;08;privado;nao
3094057;33;330455;URGECOR CLINICA TRES RIOS;ESTRADA DOS TRES RIOS, 563;JACAREPAGUA;;;21 24257424;42402362000159;08;privado;nao
3094987;33;330455;NIG LEBLON;JUQUIA, 18;LEBLON;-22.9806;-43.22341;21 31953151;29533759000111;;privado;sim
3095002;33;330455;NIG FLAMENGO;PAISSANDU, 231;FLAMENGO;-22.933986;-43.1760735;11 95815921;42472407000161;;privado;sim
3095142;33;330455;CENTRO REUMATOLOGICO BOTAFOGO;RUA VOLUNTARIOS DA PATRIA, 408;BOTAFOGO;-22.955301;-43.195558;2131828282;30018501000166;;privado;sim
3095304;33;330455;HOSPITAL PRO SAUDE DE SANTA CRUZ;AV AREIA BRANCA, 1511;SANTA CRUZ;;;(21)33659090;27858448000105;08;privado;nao
3095630;33;330455;URGENCIAS PEDIATRICAS COPACABANA;RUA STO AMARO, 80;GLORIA;;;(21)22240939;29473287000159;08;privado;nao
3096513;33;330455;SOS CORACAO;JAGUARUNA, 105;CAMPO GRANDE;-22.8983527;-43.5634675;021 33843543;01388804000172;;privado;sim
3096912;33;330455;STATUS COR;AV VICENTE DE CARVALHO, 1159;VILA DA PENHA;;;3578-4500;04709640000126;08;privado;nao
3113175;33;330455;CASA DE SAUDE BONSUCESSO;AV DOS DEMOCRATICOS, 2019;BONSUCESSO;;;21 31949300;33095498000172;08;privado;nao
3113205;33;330455;CASA DE PORTUGAL;RUA DO BISPO, 72;RIO COMPRIDO;-22.924171;-43.2117071886;3987 7300;33607045000188;;privado;sim
3114554;33;330455;HOSPITAL ALIANCA DE JACAREPAGUA;AV GEREMARIO DANTAS, 877;JACAREPAGUA;;;(21)24246789;06074210000100;08;privado;nao
3132528;33;330455;MONTE SINAI CASA DE SAUDE E MATERNIDADE;RUA FRANZ SHUBERT, 192;JARDIM AMERICA;;;(21)24714566;42292193000141;08;privado;nao
3135241;33;330455;CLINICA SANTA VERONICA;RUA CESARIO ALVIM, 52;HUMAITA;;;(21)25391939;34139287000157;08;privado;nao
3135608;33;330455;CLINICA SOROCABA;RUA SOROCABA, 464;BOTAFOGO;;;(21)25399901;33765553000194;08;privado;nao
3150569;33;330455;CENTRAL RIO MEDICA;EST DA CAROBA, 964;CAMPO GRANDE;;;(21)24134588;29458114000161;04;privado;nao
3176320;33;330455;UNICARE SERVICOS MEDICOS E TERAPIA INTENSIVA;JAMBEIRO, 48;VILA VALQUEIRE;-22.8778902267;-43.3698391914;;00694454000100;08;privado;nao
3176355;33;330455;URMED URGENCIAS MEDICAS;JAMBEIRO, 48;VILA VALQUEIRE;;;;42378794000171;08;privado;nao
3185095;33;330455;PRONTO SOCORRO CLINICO PRONTOCOR;RUA SAO FRANCISCO XAVIER, 26;TIJUCA;-22.9067678;-43.2395772;02122049900;33134222000156;08;privado;nao
3187799;33;330455;PRO CARDIACO;RUA FARME DE AMOEDO, 86;IPANEMA;;;(21) 25251900;29435005000552;08;privado;nao
3187837;33;330455;HOSPITAL PRO CARDIACO;RUA DONA MARIANA, 217;BOTAFOGO;-22.7492546;-43.468639;21 2528-1442;29435005005198;;privado;sim
3191176;33;330455;HOSPITAL CLIMEDE;RUA CAROLINA AMADO, 280;VAZ LOBO;;;21 3341-7000;33620097000194;06;privado;nao
3233251;33;330455;HOSPITAL CARDOSO RODRIGUES;RUA SILVA GOMES, 77;CASCADURA;;;(21)25971448;29455748000160;08;privado;nao
3248720;33;330455;ORTHOS CLINICA;LEOPOLDINA REGO, 774;PENHA;-22.841162;-43.2741559;21 25642648;27867605000130;;privado;sim
3333868;33;330455;HOSPITAL RIOMAR;AVENIDA CANDIDO PORTINARI, 555;BARRA DA TIJUCA;-22.9948924303;-43.41121118;;32154700000127;;privado;sim
3339769;33;330455;RDB RECURSOS DIAGNOSTICOS DR BALBINO;RUA ANGELICA MOTA, 66;OLARIA;-22.8473870747;-43.2761764526;21 39772000;68593839000114;08;privado;nao
3357783;33;330455;HOSPITAL ENIO SERRA;SOARES CABRAL, 36;LARANJEIRAS;-22.1564968767;-43.227875;;42152439000180;;privado;sim
3378330;33;330455;HOSPITAL DE CLINICAS INTEGRADAS BANGU;EST DO REALENGO, 1336;BANGU;;;(21)21061100;31411069000131;08;privado;nao
3495132;33;330455;HOSPITAL MAYER;RUA SAO FRANCISCO XAVIER, 453;MARACANA;;;(21)21019500;03749638000380;08;privado;nao
3521133;33;330455;HOSPITAL CEMERU;RUA FELIPE CARDOSO, 1025;SANTA CRUZ;-22.9230041928;-43.6791096899;(21)33354040;68668045000172;;privado;sim
3521168;33;330455;HOSPITAL ILHACOR;RUA MANUEL BONFIM, 76;ZUMBI;-22.821173;-43.1756136;;33583998000153;;privado;sim
3531228;33;330455;SEMIU SERVICOS DE ESP MED E INT DE URGENCIA;AV VICENTE DE CARVALHO, 1159;VILA DA PENHA;-22.8474343882;-43.3053919333;21 33915457;34165969000134;;privado;sim
3541207;33;330455;CALREN HOSPITAL DO CALCULO RENAL;RUA GENERAL ORLANDO GAISEL, 100;RECREIO DOS BANDEIRA;-23.011529;-43.453715;(21) 2430-2500;03341603000145;;privado;sim
3543544;33;330455;CLINICA IPANEMA;RUA CANNING, 16;IPANEMA;-22.903;-43.208;213228450;33123415000101;08;privado;nao
3543579;33;330455;HOSPITAL QUALI IPANEMA;BARAO DA TORRE, 145;IPANEMA;-22.8764915121;-43.2280468941;;33656067000138;;privado;sim
3562271;33;330455;HOSPITAL CENTRAL DO IASERJ;AV HENRIQUE VALADARES, 107;CENTRO;;;(21)39318919;;08;outro;nao
3603105;33;330455;HOSPITAL VITAL;VISCONDE DE SANTA CRUZ, 172;ENGENHO NOVO;-22.8983527;-43.5634675;;04714849000188;10;privado;nao
3603490;33;330455;HOSPITAL PROVITA;RUA SILVA GOMES, 77;CASCADURA;;;(21)25971448;73611360000284;08;privado;nao
3603539;33;330455;HOSPITAL ISRAELITA ALBERT SABIN;PROFESSOR GABIZO, 319;MARACANA;-22.9163022882;-43.221116066;21 21768800;33722224000166;;privado;sim
3784630;33;330455;HOSPITAL DO MEIER;TENENTE COSTA, 160;MEIER;-22.8958448828;-43.2765948772;21 32798500;33710096001617;;privado;sim
3947262;33;330455;HOSPITAL CASA SANTA CRUZ HOSPITAL GERAL ADMINISTRACAO E GE;RUA NESTOR, 00131;SANTA CRUZ;-22.9119865;-43.6052979;;46010533000155;;privado;sim
4002806;33;330455;CLINIPAM;ESTRAD DOS TRES RIOS, 610;FREGUESIA;-22.9336842;-43.3280629;21 21040705;76882612005186;;privado;sim
4012666;33;330455;CLINIPAM CLINICA PARANAENS DE ASSISTENCIA MEDICA LTDA;ESTRADA DOSTRES RIOS, 542;FREGUESIA;-22.937469;-43.338558;2121040705;76882612005003;;privado;sim
4068432;33;330455;PLACI BARRA;AVENIDA LUIS CARLOS PRESTES, 180;BARRA DA TIJUCA;-22.9963598;-43.3569121;;45936046000155;;privado;sim
4090438;33;330455;HOSPITAL CASA EGAS MONIZ HOSPITAL GERAL ADMINISTRACAO E GEST;AV HENRIQUE VALADARES, 158;CENTRO;-22.9126113;-43.1911681402;(21) 3497-1803;28322602000184;08;privado;nao
4171330;33;330455;HOSPITAL CASA MENSSANA;RUA MARECHAL JOFRE, 30;GRAJAU;-22.9179105837;-43.2639241219;;28628405000198;;privado;sim
4176030;33;330455;HOSPITAL DE CLINICAS RIO MAR BARRA HIG;AVENIDA CANDIDO PORTINARI, 555;BARRA DA TIJUCA;-22.99476057;-43.4118888055;;31635857001264;;privado;sim
4228391;33;330455;MATERNIDADE PERINATAL BARRA;AVENIDA EMBAIXADOR ABELARDO BUENO, 201;BARRA DA TIJUCA;-22.97296243;-43.3987923;2137222000;06047087014350;;privado;sim
4316908;33;330455;CENTRO PEDIATRICO DE SAUDE INTEGRADA LTDA;AV LINEU DE PAULA MACHADO, 64;LAGOA;-22.9624568;-43.2119125;;37076194000119;;privado;sim
4549082;33;330455;LARANJEIRAS PLASTIC DAY;SOARES CABRAL, 00038;LARANJEIRAS;-22.458876652;-43.227875;21 41059920;33314590000186;;privado;sim
4575474;33;330455;SMS MATERNIDADE DA ROCINHA AP 21;AV NIEMEYER, 776;SAO CONRADO;-22.820409;-43.364785;;;;outro;nao
4734785;33;330455;IPANEMA SERV DE ASSIST MED CIR IN;AV EPITACIO PESSOA, 5030;LAGOA;-22.96316;-43.20356;;28602407000450;;privado;sim
4922816;33;330455;REVIT HOSPITAIS;R JARDIM BOTANICO, 660;JARDIM BOTANICO;-22.693699682;-43.225933;(21) 2508-1637;42077717000181;;privado;sim
4935306;33;330455;HOSPITAL BARRA DOR II;AVENIDA NELSON MUFARREJ, 255;BARRA DA TIJUCA;-22.9841931;-43.3605513;(21)24303600;02284062002494;;privado;sim
5034221;33;330455;CARDIOESTE;RUA JAGUARUNA, 105;CAMPO GRANDE;;;2415 4078;32380842000102;08;privado;nao
5034256;33;330455;PRONTO SOCORRO CLINICO PRONTOCOR LAGOA;RUA PROF ABELARDO LOBO, 32;LAGOA;;;21 31470142;33134222000407;08;privado;nao
5034280;33;330455;CLINICA BAMBINA;RUA BAMBINA, 56;BOTAFOGO;;;(21)22668686;42354969000100;08;privado;nao
5034302;33;330455;TIJUTRAUMA 613;ANTONIO BASILIO, 613;TIJUCA;-22.928694;-43.239419;;30939375000263;;privado;sim
5158036;33;330455;HOSPITAL DE GUARNICAO DA VILA MILITAR;AVENIDA DUQUE DE CAXIAS, 1551;VILA MILITAR;;;(21)24571709;00394452040075;08;outro;nao
5158044;33;330455;HOSPITAL NAVAL MARCILIO DIAS;CESAR ZAMA, 185;LINS DE VASCONCELOS;-22.47908;-43.145207;;;;outro;nao
5160251;33;330455;HOSPITAL INTERMEDICA JACAREPAGUA;ESTRADA DOS TRES RIOS, 542;FREGUESIA JACAREPAG;-22.9330699;-43.3273168;21 21040705;29972288000148;10;privado;nao
5160308;33;330455;PRONTOBABY HOSPITAL DA CRIANCA LTDA;RUA ADOLFO MOTA 81, 81;TIJUCA;-22.920902;-43.232755;;33472200000104;;privado;sim
5188326;33;330455;LLAK MEDICINA NEONATAL LTDA MATRIZ;RUA SILVA CARDOSO, 711;BANGU;-22.8866924069;-43.4634804726;2124132003;40398398000180;;privado;sim
5354684;33;330455;UROCLIN;RUA GENERAL ORLANDO GEISEL, 100;RECREIO DOS BANDEIRA;-23.011709;-43.453695;21 24302504;08193981000142;;privado;sim
5355699;33;330455;HOSPITAL DE CLINICAS SANTA CRUZ;RUA FELIPE CARDOSO, 759;SANTA CRUZ;-22.7023165135;-43.6815356;21039198;08370626000100;;privado;sim
5358833;33;330455;UFRJ INSTITUTO DE DOENCAS DO TORAX;RUA PROFESSOR RODOLPHO PAULO ROCCO, 255;ILHA DO FUNDAO;-22.8422160353;-43.2373702526;21 3938-2887;33663683002836;;outro;nao
5409063;33;330455;HOSPITAL RIO LARANJEIRAS;DAS LARANJEIRAS, 72;LARANJEIRAS;-22.9319176;-43.1841419;21 31818647;08752137000104;;privado;sim
5414830;33;330455;CLINICA CRISTO REI;AVENIDA LOBO JUNIOR, 695;PENHA CIRCULAR;-22.8277107;-43.2753407;;27952316000130;;privado;sim
5506174;33;330455;CEPERJ CENTRO DE PREMATUROS DO ESTADO DO RIO DE JANEIRO;RUA MOURA BRITO, 138;TIJUCA;;;39788595;27687607000571;08;privado;nao
5510341;33;330455;HOSPITAL EGAS MONIZ DA OBRA PORTUGUESA DE ASSISTENCIA;HENRIQUE VALADARES, 00158;CENTRO;-22.9126113;-43.1911681402;21 25092997;33496134000102;08;privado;nao
5660084;33;330455;URPEM URGENCIA PEDIATRICA DO MEIER;RUA HERMENGARDA, 122;MEIER;;;3183-5275;27665868000167;08;privado;nao
5684897;33;330455;CLINICA DA LAGOA;AV EPITACIO PESSOA, 4696;LAGOA;;;(21)2539-1596;33934241000167;08;privado;nao
5717256;33;330455;SMS HOSPITAL MUNICIPAL RONALDO GAZOLLA AP 33;AV PASTOR MARTIN LUTHER KING, 10976;ACARI;-22.8251986652;-43.3475017548;(21)2088-4600;19402975000417;;privado;sim
5942292;33;330455;CLINICA REVITALIS BARRA;EST BARRA DA TIJUCA, 01020;ITANHANGA;-22.9783474;-43.3946821;(21) 2529-2977;58369098000139;;privado;sim
6043941;33;330455;HOSPITAL CENTRAL DA AERONAUTICA HCA;RUA BARAO DE ITAPAGIPE, 167;RIO COMPRIDO;-22.900014;-43.20841026;(21)3501-3100;00394429006575;;outro;nao
6060471;33;330455;CARDIORITMO SERVICOS MEDICOS;RUA JOAO BORGES, 204;GAVEA;;;2537-4947;73398422000211;10;privado;nao
6159397;33;330455;PERINATAL BARRA CASA DE SAUDE LARANJEIRAS;AVENIDA EMBAIXADOR ABELARDO BUENO, 201;BARRA DA TIJUCA;-22.903;-43.208;2137222000;33419482000259;10;privado;nao
6159427;33;330455;PROLIFE TERAPIA INTENSIVA;RUA FELIPE CARDOSO, 1025;SANTA CRUZ;;;31579193;01800066000200;08;privado;nao
6176666;33;330455;HOSPITAL RIOS DOR;DOS TRES RIOS, 1316;JACAREPAGUA;-22.9365694;-43.3305115728;21 22833448;29259736000403;;privado;sim
6183948;33;330455;CASA DE SAUDE SAO JOAO DE DEUS;ALMIRANTE ALEXANDRINO, 2696;SANTA TEREZA;-22.93261295;-43.1979800067;(21)3233-1018;33721226000998;;privado;sim
6257100;33;330455;UNIDADE INTEGRADA DE SAUDE MENTAL;MARECHAL SEREJO, 539;JACAREPAGUA;-22.924688;-43.342728;(21) 3312-4900;00394502016229;;outro;nao
6322093;33;330455;CEPERJ CENTRO DE PREMATUROS DO ESTADO DO RIO DE JANEIRO;R MACEDO SOBRINHO, 21;HUMAITA;;;21-2537-0496;27687607000148;08;privado;nao
6368387;33;330455;HSCOR HOSPITAL IPANEMA PLUS;RUA BARAO DA TORRE, 151;IPANEMA;;;21 3202-8600;08562523000214;08;privado;nao
6411770;33;330455;UNIDADE NEONATAL LAGOA BARRA;EMBAIXADOR ABELARDO BUENO, 201;BARRA DA TIJUCA;-22.903;-43.208;(21)2102-2300;29274024000544;10;privado;nao
6427138;33;330455;HOSPITAL DE CLINICAS SAO MATHEUS;SILVA CARDOSO, 689;BANGU;-22.8818683;-43.4632094261;21 24017396;00937991000214;;privado;sim
6638309;33;330455;QUALI DIAGNOSE;BARAO DA TORRE, 00145;IPANEMA;-22.9833019;-43.1980047;21 86343108;05532737000179;;privado;sim
6670504;33;330455;LLAK MEDICINA NEONATAL BANGU;SILVA CARDOSO, 689;BANGU;-22.463;-43.463;21 24132003;40398398000342;;privado;sim
6681573;33;330455;HOSPITAL NORTE DOR;RUA CAROLINA MACHADO, 38;CASCADURA;-22.8766709;-43.3371534;21 37473600;09578217000158;;privado;sim
6686923;33;330455;HOSPITAL CASA RIO LARANJEIRAS UNIDADE BAMBINA;RUA BAMBINA, 56;BOTAFOGO;-22.903;-43.208;213239-5050;08752137000295;08;privado;nao
6753469;33;330455;HOSPITAL CENTRAL DO EXERCITO;FRANCISCO MANUEL, 126;BENFICA;-22.8940065301;-43.243560791;21 38917013;09609235000150;;outro;nao
6807771;33;330455;HOSPITAL DO RIO;RUA GENERAL POLIDORO, 144;BOTAFOGO;;;(21) 22750759;04636008000108;08;privado;nao
6878865;33;330455;CASA DE SAUDE SANTA LUCIA;VOLUNTARIOS DA PATRIA, 435;BOTAFOGO;-22.898652;-43.239875;21 22038655;29435005005279;;privado;sim
6880959;33;330455;HOSPITAL AREIA BRANCA;RUA FELIPE CARDOSO, 1025;SANTA CRUZ;-22.9225766;-43.679597;(21) 2418-3389;11410229000200;08;privado;nao
6933823;33;330455;NEO UNIDAS;RUA ESTRELA, 27;RIO COMPRIDO;-22.925072;-43.207225;21-2560-2660;72148950000250;11;privado;nao
6950299;33;330455;CIEU HOSP GAMA FILHO;AVENIDA DAS AMERICAS, 3250;BARRA DA TIJUCA;;;21 21038800;32558199000164;04;privado;nao
6995462;33;330455;SMS HOSPITAL MUNICIPAL PEDRO II AP 53;RUA DO PRADO, 325;SANTA CRUZ;-22.912682;-43.687744;3365 5201;;;outro;nao
7002017;33;330455;MS INCA HOSPITAL DO CANCER IV CUIDADOS PALIATIVOS;RUA VISCONDE SANTA ISABEL, 274;VILA ISABEL;-22.925686;-43.2618207;21 3207 4058;00394544012191;;outro;nao
7027397;33;330455;SMS HOSPITAL MATERNIDADE MARIA AMELIA B DE HOLLANDA AP 10;RUA MONCORVO FILHO, 67;CENTRO;-22.9088002;-43.1915072;2122241949;;;outro;nao
7041624;33;330455;SMS MATERNIDADE DA MULHER MARISKA RIBEIRO AP 51;PRACA 1 DE MAIO, S/N;BANGU;-22.8766711;-43.4727696;21 2042-2912;;;outro;nao
7065515;33;330455;HOSPITAL SAO FRANCISCO NA PROVIDENCIA DE DEUS;RUA CONDE DE BONFIM, 1033;TIJUCA;-22.9403293;-43.2476690167;21 32944500;53221255004995;;privado;sim
7127413;33;330455;INSTITUTO FENIX SAUDE;ESTRADA DO ENGENHO VELHO, 1075;TAQUARA;;;(21)24566733;07950382000163;08;privado;nao
7158726;33;330455;ESPACO CLIF;RUA DAS PALMEIRAS, 46;BOTAFOGO;-22.9517462;-43.1917379;;13225280000188;;privado;sim
7166494;33;330455;SMS HOSPITAL MUNICIPAL EVANDRO FREIRE AP 31;ESTRADA DO GALEAO, 2920;PORTUGUESA ILHA DO G;-22.8051874324;-43.2106554508;21 38122400;;;outro;nao
7185081;33;330455;SES RJ HOSPITAL ESTADUAL TRANSPLANTE CANCER E CIR INFANTIL;RUA LUIZ BELTRAO, 147;VILA VALQUEIRE;-22.8851061;-43.3686044;2133699650;42498717012323;;outro;nao
7188749;33;330455;HOSPITAL SOCIAL HUMANIZADO ACAOMEDVIDA;ESTRADA MARECHAL MIGUEL SALAZAR MENDES DE MORAES, 254;JACAREPAGUA;;;21 22229408;27776277000400;08;privado;nao
7207883;33;330455;HOSPITALYS ORTOPEDIA;RUA JARDIM BOTANICO, 660;JARDIM BOTANICO;;;21 25290100;29435005005350;10;privado;nao
7251491;33;330455;UNIMED RIO HOSPITAL BARRA DA TIJUCA;AV AYRTON SENNA, 2550;BARRA DA TIJUCA;-22.9986146;-43.364099;21 3883-1000;09219138000584;;privado;sim
7267975;33;330455;SES RJ INSTITUTO ESTADUAL DO CEREBRO PAULO NIEMEYER;RUA DO REZENDE, 156;CENTRO;-22.4627;-44.4556;021-38124105;42498717012242;;outro;nao
7269404;33;330455;INSTITUTO PEDRO LUDOVICO;RUA SANTO AMARO, 80;GLORIA;;;(21)3439-2089;07769630000417;08;privado;nao
7317522;33;330455;CLINICA DA PRIMEIRA IDADE;RUA DAUT PERES, 114;BARRA DA TIJUCA;;;21 31543317;29435005006674;08;privado;nao
7317530;33;330455;HOSPITAL SAMARITANO;BAMBINA, 98;BOTAGOFO;-22.946;-43.186;21 38051000;29435005006160;;privado;sim
7421710;33;330455;HOSPITAL PASTEUR;AVENIDA AMARO CAVALCANTI, 495;MEIER;-22.36876652;-43.24727875;(21) 2104-4400;51722957015961;;privado;sim
7458940;33;330455;HOSPITAL BARRA DOR PEDIATRIA;AVENIDA AYRTON SENNA, 3079;BARRA DA TIJUCA;-22.9531087;-43.3646139;21 24303600;02284062000521;;privado;sim
7474059;33;330455;HOSPITAL SAO LUCAS;TRAVESSA FREDERICO PAMPLONA, 22;COPACABANA;-22.897652;-43.233875;(21) 2545-4407;60884855001630;;privado;sim
7516800;33;330455;SES RJ HOSPITAL ESTADUAL EDUARDO RABELLO;DO PRE, S/N;SENADOR VASCONCELOS;-22.8979063;-43.5415483;21 3408-9190;10834118000250;;outro;nao
7535546;33;330455;HOSPITAL PRO CRIANCA JUTTA BATISTA;RUA DONA MARIANA, 220;BOTAFOGO;-22.903;-43.208;(21) 2528-7000;10489487000252;04;privado;nao
7605935;33;330455;HOSPITAL BANGU;RUA FRANCISCO REAL, 00732;PADRE MIGUEL;-22.8787539532;-43.4522464;21 31075600;06047087003235;;privado;sim
7632681;33;330455;HOSPITAL FUNDACAO DO CANCER;RUA ARISTIDES CAIRE, 27;MEIER;-22.8995215136;-43.2792663574;;40226946000276;10;privado;nao
7642415;33;330455;SAMARITANO BARRA;AV JORGE CURI, 550;BARRA DA TIJUCA;-22.99183;-43.37043;21 31422760;08100676002102;;privado;sim
7642423;33;330455;HOSPITAL VITORIA AMC;AVENIDA JORGE CURI, 550;BARRA DA TIJUCA;-22.9918;-43.37041;;08100676002293;;privado;sim
7659415;33;330455;HOSPITAL OESTE DOR;RUA OLINDA ELLIS, 93;CAMPO GRANDE;-22.90817725;-43.5589160236;2124143600;06047087003316;;privado;sim
7735022;33;330455;HOSPITAL MEMORIAL ENGENHO DE DENTRO;RUA JOSE DOS REIS, 81;ENGENHO DE DENTRO;;;21-3541-2706;33705849000209;10;privado;nao
7859341;33;330455;HOSPITAL SAO VICENTE DE PAULO;GONCALVES CRESPO, 430;TIJUCA;-22.9150401;-43.2189334;21 25632121;18010750000100;;privado;sim
7898843;33;330455;HOSPITAL PANAMERICANO;MOURA BRITO, 138;TIJUCA;-22.9257432;-43.2275152;998118321;33575127000600;;privado;sim
7954549;33;330455;HOSPITAL ILHA DO GOVERNADOR;ESTRADA DO DENDE, 668;TAUA;-22.7975551;-43.1924037;32168000;22233557000105;;privado;sim
8080798;33;330455;GLORIA DOR;RUA SANTO AMARO, 80;GLORIA;-22.9220574;-43.1797701;(21) 3262-2000;53781619000147;;privado;sim
9027645;33;330455;PLACI BOTAFOGO;GENERAL POLIDORO, 144;BOTAFOGO;-22.7096586;-43.4600852;21 25165306;22807000000130;;privado;sim
9065946;33;330455;HOSPITAL COPA STAR;RUA FIGUEIREDO MAGALHAES, 700;COPACABANA;-22.9708303911;-43.1855016947;34613620;06047087002697;;privado;sim
9110089;33;330455;HOSPITAL GERAL DO RIO DE JANEIRO;AV DUQUE DE CAXIAS, 1551;DEODORO;-22.4541687665;-43.227875;(21) 24571700;09616119000168;;outro;nao
9151532;33;330455;HOSPITAL CASA DE PORTUGAL HOSPITAL GERAL ADMINISTRACAO;RUA DO BISPO, S/N;RIO COMPRIDO;-22.9232868;-43.2133171;(21) 2218-5354;24427203000127;;privado;sim
9198024;33;330455;HOSPITAL RIO BOTAFOGO;BARAO DE LUCENA, 95;BOTAFOGO;-22.947;-43.19;21 3216-8000;26388123000135;;privado;sim
9214763;33;330455;HOSPITAL CASA SAO BERNARDO;AVENIDA DAS AMERICAS, 3250;BARRA DA TIJUCA;-23.010752;-43.58542041;2132168000;27361356000107;;privado;sim
9426752;33;330455;HOSPITAL BARRA PLASTICA;RUA DAUT PERES, 114;BARRA DA TIJUCA;-23.0056001;-43.3147925;3251-1070/3253-5228;15634463000182;;privado;sim
9461086;33;330455;HOSPITAL SEMIU;AVENIDA VICENTE DE CARVALHO, 1159;VILA DA PENHA;-22.847434;-43.305391;21 34578800;04535903000128;;privado;sim
9505512;33;330455;HOSPITAL PREMIUM;RUA DO BISPO, 18;RIO COMPRIDO;-22.9246439;-43.2130936;02135503800;28360001000166;;privado;sim
9567933;33;330455;HOSPITAL MEMORIAL FUAD CHIDID;JOSE DOS REIS, 81;ENGENHO DE DENTRO;-22.9217620516;-42.8223614;;33705849000543;;privado;sim
9614133;33;330455;INTERMEDICA;SILVA TELES, 00052;ANDARAI;-22.9225601;-43.2434195;21 2570-6336;44649812024908;;privado;sim
9640665;33;330455;LOG HEALTH;RUA ADOLFO BERGAMINI, 206;ENGENHO DE DENTRO;-22.9021746;-43.2966401;(21)3899-6342;07150324000155;;privado;sim
9739459;33;330455;CENTRO HOSPITALAR AMEP JACAREPAGUA;MARECHAL MIGUEL SALAZAR MENDES DE MORAIS, 254;TAQUARA;-22.904;-43.208;21 86691518;14357664000117;;privado;sim
9796282;33;330455;HOSPITAL PRO CRIANCA;RUA DONA MARIANA, 220;BOTAFOGO;-22.9564485;-43.1876698661;32394685;31635857000292;;privado;sim
9837426;33;330455;HOSPITAL GLORIA DOR;RUA SANTO AMARO, 80;GLORIA;-22.9220574;-43.1797701;(21) 3262-2000;31635857000454;;privado;sim
9945709;33;330455;CSNSC FILIAL 02;RUA VISCONDE DE SANTA CRUZ, 172;ENGENHO NOVO;-22.906388;-43.268305;35531434;33756768000220;10;privado;nao
