CNES;UF;IBGE;NOME;LOGRADOURO;BAIRRO;LATITUDE;LONGITUDE;curated_unit_type;is_entry_point
3816923;33;330490;ESPACO PETALAS DA VIDA;RUA RODRIGUES DA FONSECA;ZE GAROTO;-22.82799;-43.06057;;
9552308;33;330490;CENTRO MEDICO PASTORE ALCANTARA;RUA DOUTOR ALFREDO BACKER;ALCANTARA;-22.8186766;-43.0070416;;
0921556;33;330490;CONSULTORIO NA RUA;RUA GONCALVES CHAVES;JARDIM CATARINA;-22.8119794;-43.0022797;outro;nao
2291797;33;330490;USF ROBERT KOCH;RUA COMANDANTE ARY PARREIRAS;PORTO DA MADAMA;-22.834472;-43.0835;ubs;sim
2291940;33;330490;UNIDADE PSF NOVA CIDADE EQUPE 61;RUA CUNHA JUNIOR;NOVA CIDADE;;;;
2702673;33;330490;USF SAO MIGUEL;RUA CAPITAO FELINTO DOS SANTOS;SAO MIGUEL;-22.8164139;-43.03675;ubs;sim
2291967;33;330490;USF JARDIM CATARINA VII;RUA MADEIRA FREITAS;JARDIM CATARINA;-22.802917;-42.994167;ubs;sim
2291533;33;330490;POLO SANITARIO DR WASHINGTON LUIZ LOPES;ALAMEDA PIO XII;ZE GAROTO;-22.828667;-43.053889;;
3029077;33;330490;USF DR JOSE BRUNO NETO;RUA VERISSIMO DE SOUZA;BOA VISTA;-22.809944;-43.063278;ubs;sim
9384545;33;330490;CLINICA MUNICIPAL EURICLIDES DE JESUS ZERBINI;AVENIDA EUGENIO BORGES;ARSENAL;-22.858611;-43.011472;;
2291770;33;330490;USF ALBERT SABIN;RUA LUIZ FERREIRA;ITAOCA;-22.775056;-43.0555;ubs;sim
2291576;33;330490;USF BANDEIRANTES;RUA JOAQUIM LARANJEIRAS;BANDEIRANTES;-22.826101;-42.987816;ubs;sim
2291592;33;330490;USF JUVENIL FRANCISCO RIBEIRO;RUA BASILEIA;ZUMBI;-22.847917;-43.055028;ubs;sim
2291622;33;330490;USF JUAREZ ANTUNES;RUA ALZIRA VARGAS;LARANJAL;-22.815861;-42.974667;ubs;sim
2291851;33;330490;USF EMILIO RIBAS;ESTRADA DO SACRAMENTO;BARRACAO;-22.82541;-42.96285;ubs;sim
2297213;33;330490;POLO SANITARIO HELIO CRUZ;RUA CONCORDIA;ALCANTARA;-22.818028;-43.002583;;
2702959;33;330490;POLO SANITARIO JORGE TEIXEIRA DE LIMA;RUA CARIRANHA;JARDIM CATARINA;-22.800083;-42.997056;;
4248295;33;330490;USF SALGUEIRO;RUA RUBENS DORIA;SALGUEIRO;-22.781917;-43.022606;ubs;sim
2814811;33;330490;CLINICA MUNICIPAL GONCALENSE COLUBANDE;RUA JOSE MENDONCA DE CAMPOS;COLUBANDE;-22.828;-43.018833;;
3148505;33;330490;USF BOCAYUVA CUNHA;RUA CRUZEIRO DO SUL;GRADIM;-22.82125;-43.083861;ubs;sim
2291983;33;330490;USF ITAUNA I;TRAVESSA ERNESTINA PIRES;ITAUNA;-22.789551;-43.028769;ubs;sim
2292017;33;330490;USF MUTUAGUACU;RUA DAVID ALVES;MUTUAGUACU;-22.806444;-43.040944;ubs;sim
2291649;33;330490;USF FLORENCA HELENA PEREIRA DA SILVA MARINS;RUA GERONIMO PINA;LARGO DA IDEIA;-22.825056;-42.916861;ubs;sim
3284646;33;330490;USF ROCHA;RUA DOUTOR CASTRO FARIAS;ROCHA;-22.831222;-43.038778;ubs;sim
3029115;33;330490;USF MENINO DE DEUS;RUA LUIS PASTEUR;ROCHA;-22.831222;-43.038778;ubs;sim
4405560;33;330490;ONG ARLETE BILLE;ESTRADA DA LADEIRA;ITAOCA;-22.65874;-43.54871;;
4442644;33;330490;ESPACO SAUDE NAO PODE ESPERAR;AV SAO GONCALO;BOA VISTA;-22.07413;-43.65877;;
0920568;33;330490;USF COMUNIDADE DA LINHA;RUA AUSTRIA;RIO DO OURO;-22.9003;-42.98172;ubs;sim
0958336;33;330490;SANTOS E SOUZA ODONTOLOGIA;RUA DOUTOR FRANCISCO PORTELA;PARADA 40;-22.8271;-43.0544;;
2291568;33;330490;USF CARLOS CHAGAS;RUA EXPEDICIONARIO MANOEL CHAGAS;FAZENDA DOS MINEIROS;-22.780778;-43.02725;ubs;sim
2291584;33;330490;USF ADAO PEREIRA NUNES;AV EUGENIO BORGES;ARSENAL TRIBOBO;;;ubs;sim
2291614;33;330490;USF ANA NERY;RUA SILVIO VALLET;GRADIM;-22.822639;-43.082139;ubs;sim
2291630;33;330490;USF LOUIS PASTEUR;RUA ZILDA SILVARES;GUAXINDIBA;-22.778278;-42.972528;ubs;sim
2291657;33;330490;USF TANCREDO NEVES;RUA VITAL BRASIL;LUIZ CACADOR;-22.795972;-43.016722;ubs;sim
2291665;33;330490;USF GETULIO VARGAS;RUA MINAS GERAIS;ROSANE;-22.818556;-43.057139;ubs;sim
2291673;33;330490;USF JOAO GOULART;RUA DOS MARFINS;JARDIM CATARINA;-22.791994;-42.990082;ubs;sim
2291681;33;330490;USF ROBERTO SILVEIRA;RUA ITABAJARA;VISTA ALEGRE;-22.803175;-42.965755;ubs;sim
2291606;33;330490;USF OSWALDO CRUZ;RUA DOMINGOS DA COSTA;AMENDOEIRA;-22.830389;-42.985806;ubs;sim
2291703;33;330490;USF LUIZ CARLOS PRESTES;RUA EXPEDICIONARIO JOAO FRANCO;SANTA CATARINA;-22.836944;-43.064278;ubs;sim
2291711;33;330490;USF JOSE AVELINO SOUZA;RUA JOSE FRANCISCO BATISTA RIOS;TRIBOBO;-22.85909;-43.029665;ubs;sim
2291738;33;330490;USF LUIZ PAULO GUIMARAES;RUA ARISTIDES LIMA;LAGOA SECA;-22.814954;-42.986848;ubs;sim
2291754;33;330490;USF NEUZA GOULART BRIZOLA;ESTRADA DAS PALMEIRAS;PALMEIRAS;-22.763028;-43.005306;ubs;sim
2291819;33;330490;USF IRMA DULCE;RUA DOMINGOS DAMASCENO DUARTE;TRINDADE;-22.809778;-43.016056;ubs;sim
2291827;33;330490;USF ALEXANDER FLEMING;RUA ALFREDO BAHIENSE;BOACU;-22.804889;-43.051889;ubs;sim
2291835;33;330490;USF MANOEL DE ABREU;ESTRADA DA MEIA NOITE;SACRAMENTO;-22.845111;-42.959306;ubs;sim
2291843;33;330490;USF MARECHAL CANDIDO RONDON;RUA JOSE CUSTODIO SAMPAIO;COLUBANDE;-22.846139;-43.012361;ubs;sim
2291886;33;330490;USF ARY TEIXEIRA;RUA GENERAL SAVARI;MARAMBAIA;-22.794583;-42.953361;ubs;sim
2291894;33;330490;USF BARBOSA LIMA SOBRINHO;RUA ABILIO JOSE DE MATOS;PORTO DA PEDRA;-22.8185;-43.07;ubs;sim
2291908;33;330490;UBS DR HAROLDO PEREIRA NUNES;RUA CAPITAO JOAO MANOEL;PORTO NOVO;-22.825111;-43.069111;ubs;sim
2291924;33;330490;USF BRASILANDIA;RUA PAES LEME;BRASILANDIA;-22.823333;-43.057306;ubs;sim
2291932;33;330490;USF NOVA CIDADE;RUA PASTOR WALDEMAR ZARRO;NOVA CIDADE;-22.809826;-43.021935;ubs;sim
2291959;33;330490;USF PACHECO;RUA LAMEIRA BITENCOURT;PACHECO;-22.825111;-42.975028;ubs;sim
2291975;33;330490;USF JARDIM CATARINA IX;RUA ADELAIDE LIMA;JARDIM CATARINA;-22.816119;-43.002659;ubs;sim
2291991;33;330490;USF TRINDADE;RUA JUIZ DE FORA;TRINDADE;-22.812287;-43.021056;ubs;sim
2292009;33;330490;USF ALTAIR DA SILVA;RUA CORONEL FRANCISCO NUNES;MUTUA;-22.811301;-43.041291;ubs;sim
2292025;33;330490;USF MADRE TERESA DE CALCUTA;ESTRADA DO BOQUEIRAO PEQUENO;ESTRELA DO NORTE;-22.824;-43.033139;ubs;sim
2291878;33;330490;USF MAHATMA GANDHI;RUA FRANCISCO BARBEIRO;JARDIM CALIFORNIA;-22.814641;-43.04669;ubs;sim
2291762;33;330490;USF ALBERTO CONSTANTINO FARAH;ESTRADA DA COVANCA;MUTUAPIRA;-22.803833;-43.031111;ubs;sim
2291800;33;330490;USF WALLY FIGUEIRA DA SILVA;ESTRADA DO MALAFAIA;ROCHA;-22.835;-43.034111;ubs;sim
2297302;33;330490;USF ADOLFO LUTZ;RUA NAZARIO MACHADO;PACHECO;-22.832472;-42.974917;ubs;sim
2297221;33;330490;USF JARDIM CATARINA I;AVENIDA ALBINO IMPARATO;JARDIM CATARINA;-22.8115;-42.997861;ubs;sim
2297248;33;330490;USF SANTA LUZIA;AVENIDA SANTA LUZIA;SANTA LUZIA;-22.8015;-42.982139;ubs;sim
2297264;33;330490;USF DOUTEL DE ANDRADE;AVENIDA ODILON NORBERTO FERREIRA;MARIA PAULA;-22.872917;-43.019583;ubs;sim
2297205;33;330490;POLO SANITARIO PAULO MARQUES RANGEL;ESTRADA DA CONCEICAO;PORTAO DO ROSA;-22.796825;-43.038826;;
2297256;33;330490;POLO SANITARIO RIO DO OURO DR AUGUSTO SENNA;AVENIDA EUGENIO BORGES;RIO DO OURO;-22.888806;-42.988861;;
2297329;33;330490;USF HIPARCO FERREIRA;ALAMEDA ALAGOAS;ENGENHO DO ROCADO;-22.88426;-42.983337;ubs;sim
3029085;33;330490;USF ENF LUIZA DE MARILAC;RUA GODOFREDO SIQUEIRA LEITE;NOVO MEXICO;-22.870111;-43.045806;ubs;sim
3029093;33;330490;USF ARMANDO LEAO FERREIRA;ALAMEDA ESTADOS UNIDOS;MORRO DO CASTRO;-22.86537;-43.069351;ubs;sim
3029107;33;330490;USF BADGER SILVEIRA;RUA ACACIO RAPOSO;TRIBOBO;-22.853306;-43.030694;ubs;sim
3029123;33;330490;USF DAVID CAPISTRANO FILHO;ESTRADA DA SAPUCAIA;SALGUEIRO;-22.789944;-43.022;ubs;sim
3284611;33;330490;USF ANTONINA CRUZEIRO DO SUL;AVENIDA ABAETE;ANTONINA;-22.814639;-43.028667;ubs;sim
3284638;33;330490;USF MUTONDO II;RUA ANA BEATRIZ LESSA BARROS;GALO BRANCO;-22.82361;-43.02433;ubs;sim
4163036;33;330490;USF ANAIA;RUA CLODOMIRO ANTUNES DA COSTA;ARSENAL;-22.860222;-43.002972;ubs;sim
4980050;33;330490;POPMEDICAL SAUDE;R DOUTOR PORCIUNCULA;VENDA DA CRUZ;-22.859454;-43.085915;;
5469902;33;330490;USF MARAMBAIA;RUA ALMIRANTE SILVIO HECKER;MARAMBAIA;-22.797778;-42.955013;ubs;sim
5469929;33;330490;USF ZUMBI;ESTRADA DA BASILEIA;ENGENHO PEQUENO;-22.827;-43.054;ubs;sim
5469937;33;330490;USF GALO BRANCO;RUA ANTONIO BELO;GALO BRANCO;-22.828781;-43.030788;ubs;sim
5469953;33;330490;USF ALMERINDA;RUA JOSE JERONIMO DE MESQUITA;ALMERINDA;-22.837583;-43.005833;ubs;sim
5469961;33;330490;USF PITA;RUA MENTOR COUTO;PITA;-22.847887;-43.070076;ubs;sim
5473500;33;330490;USF LEONCIO CORREA;RUA CORONEL ANDRADE VILELA;FAZENDA DOS MINEIROS;-22.785667;-43.033306;ubs;sim
5473594;33;330490;USF JARDIM CATARINA III;RUA CAETES;JARDIM CATARINA;-22.800806;-42.993389;ubs;sim
5473608;33;330490;USF ITAUNA II;RUA JOSE MOURA E SILVA;ITAUNA;-22.796333;-43.029972;ubs;sim
5473632;33;330490;USF AGENOR JOSE DA SILVA;RUA EUGENIO FLOMENTIM;JARDIM CATARINA;-22.787139;-43.007222;ubs;sim
5473659;33;330490;USF FLORIANO BARBOSA;RUA ALBINO IMPARATO;JARDIM CATARINA;-22.799306;-43.004333;ubs;sim
5473675;33;330490;USF MANOEL DA ILHOTA;RUA JOSE CARLOS DE OLIVEIRA;ITAOCA;-22.794306;-43.040139;ubs;sim
5473713;33;330490;USF COELHO;RUA CANDIDO REIS;COELHO;-22.832833;-42.996028;ubs;sim
5473721;33;330490;USF MARILEIA CARDOSO;RUA WALDOMIRO LOPO;JOCKEY;-22.842139;-42.994361;ubs;sim
5473942;33;330490;USF VILA LAGE;TRAVESSA LUIZ ESTEVES;BARRO VERMELHO;-22.842278;-43.079417;ubs;sim
5473950;33;330490;USF JARDIM ALCANTARA;RUA ANISIO TEIXEIRA;ALCANTARA;-22.825806;-43.003444;ubs;sim
5473993;33;330490;USF NEVES I;RUA MARECHAL FLORIANO PEIXOTO;NEVES;-22.854528;-43.087056;ubs;sim
5474000;33;330490;USF JARDIM CATARINA V;RUA FLORENTINO GEOVANI;JARDIM CATARINA;-22.792556;-43.005;ubs;sim
5474019;33;330490;USF PASTOR JOSE MARCOS ALVES;AV PRESIDENTE HUMBERTO DE ALENCAR CASTELO BRANCO;LINDO PARQUE;-22.834;-43.05;ubs;sim
5474035;33;330490;USF BENTO DA CRUZ;RUA DOMINGOS CARVALHAES;PORTO NOVO;-22.821694;-43.07775;ubs;sim
5474043;33;330490;USF JAIR ARANTES DA CRUZ;RUA PIRES DO RIO;BOA VISTA;-22.827083;-43.075579;ubs;sim
5474728;33;330490;USF TRINDADE EQUIPE 97 98;RUA JUIZ DE FORA;TRINDADE;;;ubs;sim
5474760;33;330490;USF AGUA MINERAL;RUA SALVATORI;AGUA MINERAL;-22.842222;-43.024333;ubs;sim
5474795;33;330490;USF COLUBANDE I;RUA AUGUSTO RUSCH;COLUBANDE;-22.834165;-43.008588;ubs;sim
5474825;33;330490;USF COLUBANDE II;RUA EXP BERLI AZEVEDO VIEIRA;COLUBANDE;-22.83553;-43.016466;ubs;sim
5726956;33;330490;USF VILA TRES;RUA JANUARIO BARBOSA;VILA TRES;-22.81645;-42.995592;ubs;sim
5873983;33;330490;USF ENGENHO PEQUENO;RUA FELIX ANTONIO DA SILVA;ENGENHO PEQUENO;-22.847861;-43.048861;ubs;sim
5935261;33;330490;USF VILA CANDOZA;ESTRADA DO COELHO;VILA CANDOZA;-22.846552;-42.982601;ubs;sim
5936586;33;330490;USF FLAVIO HENRIQUE DE BRITO;RUA OSCAR GOMES;JOCKEY;-22.847618;-42.998613;ubs;sim
5994411;33;330490;USF WALDEMAR COSTA NUNES;RUA ALVORADA;MIRIAMBI;-22.820474;-42.988181;ubs;sim
5995191;33;330490;USF DR JARDEL DO AMARAL;RUA DR PORCIUNCULA;VENDA DA CRUZ;-22.859722;-43.088139;ubs;sim
6000843;33;330490;USF ZE GAROTO;AVENIDA PRESIDENTE KENNEDY;ZE GAROTO;-22.826917;-43.056417;ubs;sim
6000886;33;330490;USF NOVA CIDADE II;RUA RODRIGO MAGALHAES;NOVA CIDADE;-22.801111;-43.024861;ubs;sim
6000894;33;330490;USF ANIBAL PORTO;RUA JOAO DE ABREU;MONJOLOS;-22.817167;-42.939;ubs;sim
6004512;33;330490;USF VICTOR CHIMELLY;RUA CAPITAO JOAO MONTEIRO;PAIVA;-22.845833;-43.095278;ubs;sim
6005217;33;330490;USF PALMEIRAS II;RUA DEPUTADO ANTONIO RIBEIRO PRADO;PALMEIRAS;-22.773583;-43.020806;ubs;sim
6127797;33;330490;USF VISTA ALEGRE;ESTRADA SAO PEDRO;VISTA ALEGRE;-22.812178;-42.96767;ubs;sim
6787851;33;330490;USF ELZA BORGES;RUA VISCONDE DE SEABRA;SANTA LUZIA;-22.79911;-42.983448;ubs;sim
6931324;33;330490;USF APOLO III;RUA ANISIO PEREIRA RODRIGUES;APOLO III;-22.780694;-42.943889;ubs;sim
6931375;33;330490;USF QUINTA DOM RICARDO;RUA GASTAO LAMURIER;SANTA IZABEL;-22.850556;-42.943278;ubs;sim
6946917;33;330490;USF MUTUA I;RUA VERAO;MUTUA;-22.811167;-43.034275;ubs;sim
7044879;33;330490;USF TENENTE JARDIM;RUA DR MARCH;TENENTE JARDIM;-22.865263;-43.077087;ubs;sim
7044895;33;330490;USF MARAMBAIA II EQUIPE 440;ALVIAR DE MATOS;MARAMBAIA;;;ubs;sim
7430582;33;330490;USF PORTAO DO ROSA;RUA ALFREDO BAHIENSE;PORTAO DO ROSA;-22.797139;-43.045639;ubs;sim
7442017;33;330490;CLINICA MUNICIPAL GONCALENSE LAGOINHA;ESTRADA DO PACHECO;LAGOINHA;-22.8244106;-42.9703935;;
7445687;33;330490;USF RAUL VEIGA;RUA NEREU RAMOS;RAUL VEIGA;-22.82771;-42.992842;ubs;sim
7603258;33;330490;CLINICA MUNICIPAL GONCALENSE MUTONDO;DR ALFREDO BACKER;MUTONDO;-22.818167;-43.010861;;
7923449;33;330490;USF GEREMIAS DE MATTOS FONTES;RUA LAUDELINO FREIRE;BOM RETIRO;-22.792722;-42.959806;ubs;sim
7943741;33;330490;USF COLUBANDE IV;RUA MELCHIADES PICANCO;COLUBANDE;;;ubs;sim
7996365;33;330490;AMBULATORIO MUNICIPAL DE SAUDE MENTAL NISE DA SILVEIRA;RUA CORONEL SERRADO;ZE GAROTO;-22.827;-43.054;outro;nao
9058958;33;330490;USF IPIIBA;ESTRADA DE IPIIBA;IPIIBA;-22.87125;-42.975222;ubs;sim
9100989;33;330490;USF VEREADOR JOSIAS MUNIZ;ESTRADA DO ARRASTAO;ARSENAL;-22.876833;-43.004083;ubs;sim
9101039;33;330490;USF MANOEL BATISTA;RUA VISCONDE DE ITAUNA;GRADIM;-22.827556;-43.091056;ubs;sim
9267352;33;330490;USF JOSE JORGE CORTES FREITAS;RUA CAPITAO ALBERTO SOARES;SANTA ISABEL;-22.858417;-42.923472;ubs;sim
9361529;33;330490;CADEIA PUBLICA ISAP TIAGO TELES CASTRO DOMINGUES;RUA OLEGARIO NASCIMENTO;JARDIM CATARINA;-22.7797129913;-42.9915833473;outro;nao
9361545;33;330490;CADEIA PUBLICA JUIZA DE DIREITO PATRICIA ACIOLI;RUA OLEGARIO NASCIMENTO;JARDIM CATARINA;-22.7808307816;-42.9925811291;outro;nao
9744053;33;330490;ESPACO AVANCADO DE ATENDIMENTO A SAUDE DO IDOSO;AVENIDA ALBINO IMPARATO;JARDIM CATARINA;-22.7991196951;-43.0036854744;;
2291541;33;330490;USF GLADYS RODRIGUES RAMOS FREITAS;ESTRADA DA SERRINHA;SANTA IZABEL;-22.860888;-42.942333;ubs;sim
